-- phpMyAdmin SQL Dump
-- version 5.1.0
-- https://www.phpmyadmin.net/
--
-- Host: 127.0.0.1
-- Generation Time: Aug 17, 2022 at 01:05 PM
-- Server version: 10.4.19-MariaDB
-- PHP Version: 7.3.28

SET SQL_MODE = "NO_AUTO_VALUE_ON_ZERO";
START TRANSACTION;
SET time_zone = "+00:00";


/*!40101 SET @OLD_CHARACTER_SET_CLIENT=@@CHARACTER_SET_CLIENT */;
/*!40101 SET @OLD_CHARACTER_SET_RESULTS=@@CHARACTER_SET_RESULTS */;
/*!40101 SET @OLD_COLLATION_CONNECTION=@@COLLATION_CONNECTION */;
/*!40101 SET NAMES utf8mb4 */;

--
-- Database: `stok_barang`
--

-- --------------------------------------------------------

--
-- Table structure for table `ci_sessions`
--

CREATE TABLE `ci_sessions` (
  `id` varchar(128) NOT NULL,
  `ip_address` varchar(45) NOT NULL,
  `timestamp` int(10) UNSIGNED NOT NULL DEFAULT 0,
  `data` blob NOT NULL
) ENGINE=InnoDB DEFAULT CHARSET=utf8mb4;

--
-- Dumping data for table `ci_sessions`
--

INSERT INTO `ci_sessions` (`id`, `ip_address`, `timestamp`, `data`) VALUES
('l7rnd7jdtf4utt2s18h2p30or7f0lanq', '::1', 1657248806, 0x5f5f63695f6c6173745f726567656e65726174657c693a313635373234383830363b5573657249447c733a313a2232223b557365727c733a373a2250656761776169223b6c6576656c7c733a373a2270656761776169223b666f746f7c733a31333a2270726f66696c652d322e706e67223b),
('0f07kud152omni9hbbjep12q81vcmj71', '::1', 1657249227, 0x5f5f63695f6c6173745f726567656e65726174657c693a313635373234393232373b5573657249447c733a313a2232223b557365727c733a373a2250656761776169223b6c6576656c7c733a373a2270656761776169223b666f746f7c733a31333a2270726f66696c652d322e706e67223b),
('81pcnsbm1dmcniece5huor17jr16m9c4', '::1', 1657251895, 0x5f5f63695f6c6173745f726567656e65726174657c693a313635373235313839353b616c6572747c733a34313a224d6161662c2050617373776f72642079616e6720616e6461206d6173756b6b616e2073616c61682e2e223b5f5f63695f766172737c613a313a7b733a353a22616c657274223b733a333a226e6577223b7d),
('hlcjma4nem5k2de2h2td1qbuvnekdpej', '::1', 1657253206, 0x5f5f63695f6c6173745f726567656e65726174657c693a313635373235333230363b5573657249447c733a313a2231223b557365727c733a31393a225a414b41524941204152494620414449545941223b6c6576656c7c733a353a2261646d696e223b666f746f7c733a31333a2270726f66696c652d332e706e67223b),
('6v5j7198fouc2b4eg65fmfpqshmdopr4', '::1', 1657253612, 0x5f5f63695f6c6173745f726567656e65726174657c693a313635373235333631323b5573657249447c733a313a2231223b557365727c733a31393a225a414b41524941204152494620414449545941223b6c6576656c7c733a353a2261646d696e223b666f746f7c733a31333a2270726f66696c652d332e706e67223b),
('0acg7p3qilb0hks2fcf8khkc8orahgf7', '::1', 1657254180, 0x5f5f63695f6c6173745f726567656e65726174657c693a313635373235343138303b5573657249447c733a313a2231223b557365727c733a31393a225a414b41524941204152494620414449545941223b6c6576656c7c733a353a2261646d696e223b666f746f7c733a31333a2270726f66696c652d332e706e67223b),
('f9ro6l7j0juegs8cgtnmvt89lhp40gha', '::1', 1657254507, 0x5f5f63695f6c6173745f726567656e65726174657c693a313635373235343530373b5573657249447c733a313a2231223b557365727c733a31393a225a414b41524941204152494620414449545941223b6c6576656c7c733a353a2261646d696e223b666f746f7c733a31333a2270726f66696c652d332e706e67223b),
('cetsemrja8ndjjdsivlgtf4l7oq28uoi', '::1', 1657254833, 0x5f5f63695f6c6173745f726567656e65726174657c693a313635373235343833333b5573657249447c733a313a2231223b557365727c733a31393a225a414b41524941204152494620414449545941223b6c6576656c7c733a353a2261646d696e223b666f746f7c733a31333a2270726f66696c652d332e706e67223b),
('7lqqpcvj5omu1sbal87cs4gorpg69bkk', '::1', 1657255246, 0x5f5f63695f6c6173745f726567656e65726174657c693a313635373235353234363b5573657249447c733a313a2231223b557365727c733a31393a225a414b41524941204152494620414449545941223b6c6576656c7c733a353a2261646d696e223b666f746f7c733a31333a2270726f66696c652d332e706e67223b),
('en3h7dkpt0nb7inb4hrtvv5v4o08gc7c', '::1', 1657255661, 0x5f5f63695f6c6173745f726567656e65726174657c693a313635373235353636313b5573657249447c733a313a2231223b557365727c733a31393a225a414b41524941204152494620414449545941223b6c6576656c7c733a353a2261646d696e223b666f746f7c733a31333a2270726f66696c652d332e706e67223b),
('d95m4nl8otv1adh9f1hhadk5djtaq6pe', '::1', 1657255978, 0x5f5f63695f6c6173745f726567656e65726174657c693a313635373235353937383b5573657249447c733a313a2231223b557365727c733a31393a225a414b41524941204152494620414449545941223b6c6576656c7c733a353a2261646d696e223b666f746f7c733a31333a2270726f66696c652d332e706e67223b636172745f636f6e74656e74737c613a333a7b733a31303a22636172745f746f74616c223b643a3231303030303b733a31313a22746f74616c5f6974656d73223b643a313b733a33323a223437613030616230316333313866363735326435653034303431326361386361223b613a363a7b733a323a226964223b733a363a22435452383130223b733a333a22717479223b643a313b733a353a227072696365223b643a3231303030303b733a343a226e616d65223b733a31333a2243617274726964676520383130223b733a353a22726f776964223b733a33323a223437613030616230316333313866363735326435653034303431326361386361223b733a383a22737562746f74616c223b643a3231303030303b7d7d),
('u19tff1bdq9mdlv3mqk58fu94uhd948n', '::1', 1657256311, 0x5f5f63695f6c6173745f726567656e65726174657c693a313635373235363331313b5573657249447c733a313a2231223b557365727c733a31393a225a414b41524941204152494620414449545941223b6c6576656c7c733a353a2261646d696e223b666f746f7c733a31333a2270726f66696c652d332e706e67223b),
('guphsng32j2elf259lsi7enc9aj2ur5a', '::1', 1657256681, 0x5f5f63695f6c6173745f726567656e65726174657c693a313635373235363638313b5573657249447c733a313a2231223b557365727c733a31393a225a414b41524941204152494620414449545941223b6c6576656c7c733a353a2261646d696e223b666f746f7c733a31333a2270726f66696c652d332e706e67223b),
('febb21qp1m6ho5nmt0t7k2po1fp7dsvc', '::1', 1657257060, 0x5f5f63695f6c6173745f726567656e65726174657c693a313635373235373036303b5573657249447c733a313a2231223b557365727c733a31393a225a414b41524941204152494620414449545941223b6c6576656c7c733a353a2261646d696e223b666f746f7c733a31333a2270726f66696c652d332e706e67223b),
('c6h20qavoql0m05sf3o1sth0tgemlah3', '::1', 1657260971, 0x5f5f63695f6c6173745f726567656e65726174657c693a313635373236303937313b5573657249447c733a313a2232223b557365727c733a383a224f70657261746f72223b6c6576656c7c733a373a2270656761776169223b666f746f7c733a31333a2270726f66696c652d322e706e67223b),
('j1mv2d414c6naj57n20pinr74qutdtco', '::1', 1657262088, 0x5f5f63695f6c6173745f726567656e65726174657c693a313635373236323038383b5573657249447c733a313a2232223b557365727c733a383a224f70657261746f72223b6c6576656c7c733a373a2270656761776169223b666f746f7c733a31333a2270726f66696c652d322e706e67223b),
('rj9iu4k2j01mnja9h0mnee0uuojua1go', '::1', 1657262414, 0x5f5f63695f6c6173745f726567656e65726174657c693a313635373236323431343b5573657249447c733a313a2231223b557365727c733a31393a225a414b41524941204152494620414449545941223b6c6576656c7c733a353a2261646d696e223b666f746f7c733a31333a2270726f66696c652d332e706e67223b),
('m78ref2hqpg3s2sl55vp064o949fqjdc', '::1', 1657262833, 0x5f5f63695f6c6173745f726567656e65726174657c693a313635373236323833333b5573657249447c733a313a2231223b557365727c733a31393a225a414b41524941204152494620414449545941223b6c6576656c7c733a353a2261646d696e223b666f746f7c733a31333a2270726f66696c652d332e706e67223b),
('8fks09psbkd1gvqd11vd14vfgc0u565h', '::1', 1657263151, 0x5f5f63695f6c6173745f726567656e65726174657c693a313635373236333135313b5573657249447c733a313a2231223b557365727c733a31393a225a414b41524941204152494620414449545941223b6c6576656c7c733a353a2261646d696e223b666f746f7c733a31333a2270726f66696c652d332e706e67223b),
('o440c12t6qjdjf00muhvee66t4hrqih2', '::1', 1657264994, 0x5f5f63695f6c6173745f726567656e65726174657c693a313635373236343939343b5573657249447c733a313a2231223b557365727c733a31393a225a414b41524941204152494620414449545941223b6c6576656c7c733a353a2261646d696e223b666f746f7c733a31333a2270726f66696c652d332e706e67223b),
('n76nmhuo2pdplj24hhf4aksj1preu0f2', '::1', 1657265305, 0x5f5f63695f6c6173745f726567656e65726174657c693a313635373236353330353b5573657249447c733a313a2231223b557365727c733a31393a225a414b41524941204152494620414449545941223b6c6576656c7c733a353a2261646d696e223b666f746f7c733a31333a2270726f66696c652d332e706e67223b),
('mdg1uqh1f7tk8cs352u4q4h7akctgef5', '::1', 1657265712, 0x5f5f63695f6c6173745f726567656e65726174657c693a313635373236353731323b5573657249447c733a313a2231223b557365727c733a31393a225a414b41524941204152494620414449545941223b6c6576656c7c733a353a2261646d696e223b666f746f7c733a31333a2270726f66696c652d332e706e67223b),
('hf8luk2vg6bsnuff9lgcibjcesqobsrh', '::1', 1657266082, 0x5f5f63695f6c6173745f726567656e65726174657c693a313635373236363038323b5573657249447c733a313a2231223b557365727c733a31393a225a414b41524941204152494620414449545941223b6c6576656c7c733a353a2261646d696e223b666f746f7c733a31333a2270726f66696c652d332e706e67223b),
('898otvjdrecdag7ur2um9hm9l3mh7k70', '::1', 1657266510, 0x5f5f63695f6c6173745f726567656e65726174657c693a313635373236363531303b5573657249447c733a313a2231223b557365727c733a31393a225a414b41524941204152494620414449545941223b6c6576656c7c733a353a2261646d696e223b666f746f7c733a31333a2270726f66696c652d332e706e67223b),
('0um8boldu2hh05lvs8tto5jnmven3e4q', '::1', 1657266597, 0x5f5f63695f6c6173745f726567656e65726174657c693a313635373236363531303b5573657249447c733a313a2231223b557365727c733a31393a225a414b41524941204152494620414449545941223b6c6576656c7c733a353a2261646d696e223b666f746f7c733a31333a2270726f66696c652d332e706e67223b),
('u0ra76kjl8oqq4cmivs4oh04l48pq9op', '::1', 1657288196, 0x5f5f63695f6c6173745f726567656e65726174657c693a313635373238383139363b5573657249447c733a313a2231223b557365727c733a31393a225a414b41524941204152494620414449545941223b6c6576656c7c733a353a2261646d696e223b666f746f7c733a31333a2270726f66696c652d332e706e67223b),
('pvvqg212dcpu6p1v8vj61g5j47ga6o6l', '::1', 1657288719, 0x5f5f63695f6c6173745f726567656e65726174657c693a313635373238383731393b5573657249447c733a313a2231223b557365727c733a31393a225a414b41524941204152494620414449545941223b6c6576656c7c733a353a2261646d696e223b666f746f7c733a31333a2270726f66696c652d332e706e67223b),
('59n86r3a34umk6acsh6rpv76ldfo1g0k', '::1', 1657291675, 0x5f5f63695f6c6173745f726567656e65726174657c693a313635373238383731393b5573657249447c733a313a2231223b557365727c733a31393a225a414b41524941204152494620414449545941223b6c6576656c7c733a353a2261646d696e223b666f746f7c733a31333a2270726f66696c652d332e706e67223b),
('vpr18j6oeoamjfhno4rc3jvmta8vs077', '::1', 1657703162, 0x5f5f63695f6c6173745f726567656e65726174657c693a313635373730333134323b5573657249447c733a313a2231223b557365727c733a31393a225a414b41524941204152494620414449545941223b6c6576656c7c733a353a2261646d696e223b666f746f7c733a31333a2270726f66696c652d332e706e67223b),
('eevkod7eetc418cgg9pgoqboan04qq32', '::1', 1660581893, 0x5f5f63695f6c6173745f726567656e65726174657c693a313636303538313839333b5573657249447c733a313a2231223b557365727c733a31393a225a414b41524941204152494620414449545941223b6c6576656c7c733a353a2261646d696e223b666f746f7c733a31333a2270726f66696c652d332e706e67223b),
('2260tj0jhecbdafb595pjubr5rggni1s', '::1', 1660582202, 0x5f5f63695f6c6173745f726567656e65726174657c693a313636303538323230323b5573657249447c733a313a2231223b557365727c733a31393a225a414b41524941204152494620414449545941223b6c6576656c7c733a353a2261646d696e223b666f746f7c733a31333a2270726f66696c652d332e706e67223b),
('ikk74df1e9i17ql0sg4dktl5abmvns8i', '::1', 1660582513, 0x5f5f63695f6c6173745f726567656e65726174657c693a313636303538323531333b5573657249447c733a313a2231223b557365727c733a31393a225a414b41524941204152494620414449545941223b6c6576656c7c733a353a2261646d696e223b666f746f7c733a31333a2270726f66696c652d332e706e67223b),
('0tg17cm1g06gv3nf06fgp1ncsffqv0k1', '::1', 1660589463, 0x5f5f63695f6c6173745f726567656e65726174657c693a313636303538393436333b5573657249447c733a313a2231223b557365727c733a31393a225a414b41524941204152494620414449545941223b6c6576656c7c733a353a2261646d696e223b666f746f7c733a31333a2270726f66696c652d332e706e67223b),
('arksog70s34uhd8q43e1ikt3ban38mla', '::1', 1660592782, 0x5f5f63695f6c6173745f726567656e65726174657c693a313636303539323738323b5573657249447c733a313a2232223b557365727c733a383a224f70657261746f72223b6c6576656c7c733a373a2270656761776169223b666f746f7c733a31333a2270726f66696c652d322e706e67223b),
('8ab1h1dffa7reonj6rnin3dirscmjveg', '::1', 1660592782, 0x5f5f63695f6c6173745f726567656e65726174657c693a313636303539323738323b);

-- --------------------------------------------------------

--
-- Table structure for table `tbl_barang`
--

CREATE TABLE `tbl_barang` (
  `kode_barang` varchar(6) NOT NULL,
  `nama_barang` varchar(255) NOT NULL,
  `brand` varchar(255) NOT NULL,
  `stok` int(11) NOT NULL DEFAULT 0,
  `harga` double NOT NULL,
  `active` enum('Y','N') NOT NULL DEFAULT 'Y'
) ENGINE=InnoDB DEFAULT CHARSET=utf8mb4;

--
-- Dumping data for table `tbl_barang`
--

INSERT INTO `tbl_barang` (`kode_barang`, `nama_barang`, `brand`, `stok`, `harga`, `active`) VALUES
('GM01', 'Sewa Kobelco SK210LC-8a ', 'Unit', 2, 350000, 'Y'),
('GM02', 'Flange Couple Isuzu 10 PD', 'Pcs', 2, 1300000, 'Y'),
('GM03', 'Service Swifle Monitor Malaysia', 'Unit', 1, 1800000, 'Y'),
('GM04', 'Plat Hitam Polos 10mm', 'Lbr', 5, 4609000, 'Y'),
('GM05', 'Plat Hitam Polos 8mm', 'Lbr', 5, 3723000, 'Y'),
('GM06', 'Tali Rafia', 'Roll', 12, 15000, 'Y'),
('GM07', 'Tali Putih 16mm', 'Roll', 3, 4000000, 'Y'),
('GM08', 'Jerigen Bening Kap 25/30 L', 'Pcs', 3, 50000, 'Y'),
('GM09', 'Mata gerinda tipis 4\"', 'Pcs', 50, 140000, 'Y'),
('GM10', 'Webbing sling rrt 15 ton x 12m (b)', 'Unit', 2, 1502000, 'Y'),
('GM11', 'Pipa HDPE 12 inch', 'Btg', 10, 326000, 'Y');

-- --------------------------------------------------------

--
-- Table structure for table `tbl_detail_pembelian`
--

CREATE TABLE `tbl_detail_pembelian` (
  `id_pembelian` varchar(20) NOT NULL,
  `id_barang` varchar(6) NOT NULL,
  `qty` smallint(6) NOT NULL,
  `harga` double NOT NULL
) ENGINE=InnoDB DEFAULT CHARSET=utf8mb4;

--
-- Dumping data for table `tbl_detail_pembelian`
--

INSERT INTO `tbl_detail_pembelian` (`id_pembelian`, `id_barang`, `qty`, `harga`) VALUES
('ID1595997781', 'ADVSPK', 2, 35000),
('ID1595997781', 'CTR810', 1, 190000),
('ID1596005126', 'CTR811', 1, 245000),
('ID1657128030', 'FDS16G', 50, 5000);

--
-- Triggers `tbl_detail_pembelian`
--
DELIMITER $$
CREATE TRIGGER `pembelian_barang` AFTER INSERT ON `tbl_detail_pembelian` FOR EACH ROW BEGIN
	UPDATE tbl_barang b SET b.stok = b.stok + new.qty
    WHERE b.kode_barang = new.id_barang;
END
$$
DELIMITER ;
DELIMITER $$
CREATE TRIGGER `update_pembelian` AFTER DELETE ON `tbl_detail_pembelian` FOR EACH ROW BEGIN
	UPDATE tbl_barang b SET b.stok = b.stok - old.qty
    WHERE b.kode_barang = old.id_barang;
END
$$
DELIMITER ;

-- --------------------------------------------------------

--
-- Table structure for table `tbl_detail_penjualan`
--

CREATE TABLE `tbl_detail_penjualan` (
  `id_penjualan` varchar(20) NOT NULL,
  `id_barang` varchar(6) NOT NULL,
  `qty` smallint(6) NOT NULL,
  `harga` double NOT NULL
) ENGINE=InnoDB DEFAULT CHARSET=utf8mb4;

--
-- Dumping data for table `tbl_detail_penjualan`
--

INSERT INTO `tbl_detail_penjualan` (`id_penjualan`, `id_barang`, `qty`, `harga`) VALUES
('ID1595897625', 'CTR810', 1, 210000),
('ID1595990535', 'CTR811', 2, 260000);

--
-- Triggers `tbl_detail_penjualan`
--
DELIMITER $$
CREATE TRIGGER `penjualan_barang` AFTER INSERT ON `tbl_detail_penjualan` FOR EACH ROW BEGIN
	UPDATE tbl_barang b SET b.stok = b.stok - new.qty
    WHERE b.kode_barang = new.id_barang;
END
$$
DELIMITER ;
DELIMITER $$
CREATE TRIGGER `update_penjualan` AFTER DELETE ON `tbl_detail_penjualan` FOR EACH ROW BEGIN
	UPDATE tbl_barang b SET b.stok = b.stok + old.qty
    WHERE b.kode_barang = old.id_barang;
END
$$
DELIMITER ;

-- --------------------------------------------------------

--
-- Table structure for table `tbl_pembelian`
--

CREATE TABLE `tbl_pembelian` (
  `id_pembelian` varchar(20) NOT NULL,
  `tgl_pembelian` date NOT NULL,
  `id_supplier` varchar(15) NOT NULL,
  `id_user` int(11) NOT NULL
) ENGINE=InnoDB DEFAULT CHARSET=utf8mb4;

--
-- Dumping data for table `tbl_pembelian`
--

INSERT INTO `tbl_pembelian` (`id_pembelian`, `tgl_pembelian`, `id_supplier`, `id_user`) VALUES
('ID1595997781', '2020-07-29', 'ID1595998788', 1),
('ID1596005126', '2020-07-28', 'ID1595997179', 1),
('ID1657128030', '2022-07-07', 'ID1595997179', 1);

-- --------------------------------------------------------

--
-- Table structure for table `tbl_penjualan`
--

CREATE TABLE `tbl_penjualan` (
  `id_penjualan` varchar(20) NOT NULL,
  `nama_pembeli` varchar(30) NOT NULL,
  `tgl_penjualan` date NOT NULL,
  `id_user` int(11) NOT NULL
) ENGINE=InnoDB DEFAULT CHARSET=utf8mb4;

--
-- Dumping data for table `tbl_penjualan`
--

INSERT INTO `tbl_penjualan` (`id_penjualan`, `nama_pembeli`, `tgl_penjualan`, `id_user`) VALUES
('ID1595897625', 'Achmad Jazuli', '2020-07-28', 1),
('ID1595990535', 'Yudi', '2020-07-29', 1);

-- --------------------------------------------------------

--
-- Table structure for table `tbl_supplier`
--

CREATE TABLE `tbl_supplier` (
  `id_supplier` varchar(15) NOT NULL,
  `nama_supplier` varchar(255) NOT NULL,
  `alamat` varchar(255) NOT NULL,
  `telp` varchar(20) NOT NULL
) ENGINE=InnoDB DEFAULT CHARSET=utf8mb4;

--
-- Dumping data for table `tbl_supplier`
--

INSERT INTO `tbl_supplier` (`id_supplier`, `nama_supplier`, `alamat`, `telp`) VALUES
('ID1595997179', 'PT. Traktindo Utama', 'Jl. GajahMada - Jakrta Pusat', '081209300039'),
('ID1595998788', 'PT. Sanja Motor Mulia', 'Jl. Imam Bonjol No. 16 Bekasi', '083921938333'),
('ID1657266597', 'aaaaa', 'ddddd09111111', '081209300039');

-- --------------------------------------------------------

--
-- Table structure for table `tbl_user`
--

CREATE TABLE `tbl_user` (
  `id_user` int(11) NOT NULL,
  `username` varchar(30) NOT NULL,
  `fullname` varchar(50) NOT NULL,
  `password` varchar(255) NOT NULL,
  `alamat` varchar(255) NOT NULL,
  `hp` varchar(20) NOT NULL,
  `foto` varchar(50) NOT NULL DEFAULT 'default.jpg',
  `level` enum('admin','pegawai') NOT NULL,
  `active` enum('Y','N') NOT NULL DEFAULT 'Y',
  `last_login` datetime DEFAULT NULL
) ENGINE=InnoDB DEFAULT CHARSET=utf8mb4;

--
-- Dumping data for table `tbl_user`
--

INSERT INTO `tbl_user` (`id_user`, `username`, `fullname`, `password`, `alamat`, `hp`, `foto`, `level`, `active`, `last_login`) VALUES
(1, 'admin', 'ZAKARIA ARIF ADITYA', '$2y$08$BO41OJFfhPPPzjKdWw2I6OyUElK1mkD43UVt1ss6J1xrVUExC1lRy', '', '', 'profile-3.png', 'admin', 'Y', '2022-08-16 01:51:31'),
(2, 'pegawai', 'Operator', '$2y$10$bZkYvXB4K93BWcR05e92r.Vcyq1PrnGFtzougX0LdN5bLaGY/1gPa', 'Jl. Semeru No.90 Jakarta', '085731109355', 'profile-2.png', 'pegawai', 'Y', '2022-08-16 02:46:22'),
(6, 'user2', 'Pegawai Kedua', '$2y$10$/GK/OzrGaRzHafNFP79E.Ob/jzAGlICbUI1H0kjwos6BUVx0aGBkq', 'Jl. Nanas No. 24, Pace - Jakarta', '085731109355', 'profile-1.png', 'pegawai', 'Y', '2022-07-08 11:17:51');

--
-- Indexes for dumped tables
--

--
-- Indexes for table `ci_sessions`
--
ALTER TABLE `ci_sessions`
  ADD KEY `ci_sessions_timestamp` (`timestamp`);

--
-- Indexes for table `tbl_barang`
--
ALTER TABLE `tbl_barang`
  ADD PRIMARY KEY (`kode_barang`);

--
-- Indexes for table `tbl_pembelian`
--
ALTER TABLE `tbl_pembelian`
  ADD PRIMARY KEY (`id_pembelian`);

--
-- Indexes for table `tbl_penjualan`
--
ALTER TABLE `tbl_penjualan`
  ADD PRIMARY KEY (`id_penjualan`);

--
-- Indexes for table `tbl_supplier`
--
ALTER TABLE `tbl_supplier`
  ADD PRIMARY KEY (`id_supplier`);

--
-- Indexes for table `tbl_user`
--
ALTER TABLE `tbl_user`
  ADD PRIMARY KEY (`id_user`),
  ADD UNIQUE KEY `username` (`username`);

--
-- AUTO_INCREMENT for dumped tables
--

--
-- AUTO_INCREMENT for table `tbl_user`
--
ALTER TABLE `tbl_user`
  MODIFY `id_user` int(11) NOT NULL AUTO_INCREMENT, AUTO_INCREMENT=7;
COMMIT;

/*!40101 SET CHARACTER_SET_CLIENT=@OLD_CHARACTER_SET_CLIENT */;
/*!40101 SET CHARACTER_SET_RESULTS=@OLD_CHARACTER_SET_RESULTS */;
/*!40101 SET COLLATION_CONNECTION=@OLD_COLLATION_CONNECTION */;
